IdCardNo	Name	Gender	BiometricsId
ID-04249	Guthry Siuda	Male	BIO-655872
ID-33057	Eddie Monnelly	Male	BIO-007122
ID-25430	Noami Edeson	Female	BIO-087859
ID-31446	Roy Rogeron	Male	BIO-466388
ID-97886	Oliver Chadbourne	Male	BIO-326778
ID-48481	Obadiah Agates	Male	BIO-148613
ID-55525	Leland Dowsett	Male	BIO-331702
ID-89957	Karney Self	Male	BIO-899894
ID-16055	Erin Lemarie	Female	BIO-206032
ID-20519	Faith Spring	Female	BIO-558949
ID-33833	Andy Vine	Male	BIO-896627
ID-22617	Raimundo Keates	Male	BIO-761003
ID-23774	Devon Peiser	Female	BIO-684421
ID-90692	Robbie Longbothom	Female	BIO-827162
ID-82498	Giustina Flecknell	Female	BIO-686933
ID-37144	Sara Casellas	Female	BIO-933909
ID-42136	Linoel Sweeny	Male	BIO-859039
ID-55773	Genna Scourge	Female	BIO-350898
ID-73777	Jolynn Redier	Female	BIO-139167
ID-44006	Germayne Pigny	Male	BIO-085497
ID-33558	Drugi Ivatts	Male	BIO-866759
ID-75804	Yance Skipsea	Male	BIO-872667
ID-00552	Timmie Sturgess	Female	BIO-715159
ID-16824	Shara Vany	Female	BIO-665207
ID-25510	Adah Dolle	Female	BIO-414117
ID-29713	Harri Drohane	Female	BIO-947373
ID-50073	Bartlett Dorian	Male	BIO-967533
ID-80299	Ailene Frankcom	Female	BIO-833925
ID-08289	Gary Singers	Male	BIO-682996
ID-56084	Zebedee Burborough	Male	BIO-036897
ID-54641	Reynolds Agget	Male	BIO-739889
ID-52360	Chery Raylton	Female	BIO-602788
ID-22477	Annaliese Wraight	Female	BIO-004932
ID-69353	Erny Pescod	Male	BIO-779420
ID-77942	Hester De Vere	Female	BIO-057816
ID-66166	Heall Targetter	Male	BIO-429993
ID-08256	Thoma Marrow	Male	BIO-399726
ID-99824	Donn McAlees	Male	BIO-922418
ID-19419	Chev Lampel	Male	BIO-349707
ID-41388	Nancie Whiteford	Female	BIO-976308
ID-42799	Amory Huriche	Male	BIO-611768
ID-69066	Ruby McTavy	Female	BIO-498958
ID-91962	Redd Phettis	Male	BIO-535899
ID-04674	Arley Eddington	Male	BIO-110727
ID-90360	Lorette Gooderham	Female	BIO-090851
ID-93097	Hunfredo McCalister	Male	BIO-679970
ID-58719	Michale Wogan	Male	BIO-136779
ID-10820	Clea MacWhan	Female	BIO-348750
ID-87639	Hillary Tuvey	Male	BIO-224861
ID-46582	Augustina Crowter	Female	BIO-369441
ID-50732	Harmonie Beaudry	Female	BIO-292238
ID-78332	Dall Alenichev	Male	BIO-095502
ID-43898	Darsie Gerauld	Female	BIO-850932
ID-81349	Nikolai Chattington	Male	BIO-201915
ID-87145	Bartholomeus Orrow	Male	BIO-989890
ID-31830	Robby Coaster	Female	BIO-196133
ID-94483	Felice Tomik	Male	BIO-839741
ID-27706	Warde Grishankov	Male	BIO-038668
ID-16213	Darrick Louiset	Male	BIO-707170
ID-83786	Lyndell Hanson	Female	BIO-022057
