IdCardNo,Name,Gender,BiomericsId
ID-77344,Felizio Bortolutti,Male,BIO-949898
ID-50841,Tore Lemanu,Male,BIO-527015
ID-05169,Nick Kernocke,Male,BIO-797448
ID-03931,Trenna Cumberbatch,Female,BIO-319108
ID-11359,Sharia Benoix,Female,BIO-714005
ID-04908,Horatio Dunbar,Male,BIO-799937
ID-14858,Roselin Standing,Female,BIO-188039
ID-49078,Jayne Harsum,Female,BIO-110586
ID-29147,Estevan Rarity,Male,BIO-516796
ID-09269,Cindi MacCoughen,Female,BIO-469616
ID-36764,Jeffy Boundy,Male,BIO-424111
ID-29191,Editha Beneze,Female,BIO-563352
ID-79649,Roselle Sinton,Female,BIO-950353
ID-45711,Gualterio Marven,Male,BIO-446930
ID-18945,Janis Pitherick,Female,BIO-267665
ID-55430,Tomas Hendrikse,Male,BIO-544963
ID-96015,Elise Darlison,Female,BIO-774709
ID-46775,Mina Edmott,Female,BIO-964437
ID-41140,Franklin Dumpleton,Male,BIO-714175
ID-57300,Sandi Croan,Female,BIO-357537
ID-06563,Derek Shelmardine,Male,BIO-040043
ID-46632,Cal Scattergood,Female,BIO-043225
ID-28033,Klarrisa Farrah,Female,BIO-847791
ID-91886,Rozanne Comsty,Female,BIO-484721
ID-03090,Ossie Robatham,Male,BIO-331505
ID-59406,Leonard Treweela,Male,BIO-126226
ID-35707,Kath Spivie,Female,BIO-816382
ID-90053,Freida Enever,Female,BIO-753204
ID-25916,Winfield Shermore,Male,BIO-371743
ID-23187,Eberto Cutten,Male,BIO-720999
ID-36015,Hendrick Willgrass,Male,BIO-821369
ID-05801,Emmey Rennix,Female,BIO-414063
ID-11014,Charlene Treuge,Female,BIO-232085
ID-02108,Archibold Walwood,Male,BIO-530928
ID-16262,Avigdor McNeillie,Male,BIO-939831
ID-55028,Giuseppe Degue,Male,BIO-685334
ID-59686,Guntar Oldred,Male,BIO-041139
ID-62625,Bernita Bernardoux,Female,BIO-923187
ID-21345,Emlyn Utton,Female,BIO-759448
ID-36283,Ingrim Brownsell,Male,BIO-465988
ID-57999,Arabelle Birney,Female,BIO-750995
ID-00955,Jordan Olenchikov,Male,BIO-004388
ID-39638,Hyacinthie Eneas,Female,BIO-517239
ID-73734,Elberta Dundredge,Female,BIO-789313
ID-26071,Annis Dillingston,Female,BIO-408813
ID-07605,Rafael Duplan,Male,BIO-827539
ID-78508,Kincaid Beese,Male,BIO-458825
ID-55642,Wynny Rohlf,Female,BIO-422155
ID-79336,Jeanette Luckings,Female,BIO-640781
ID-31926,Fons Durtnal,Male,BIO-842718
ID-89180,Amara Ghidoli,Female,BIO-796543
ID-75881,Louella Van Eeden,Female,BIO-198375
ID-95900,Gigi Buffham,Female,BIO-706534
ID-51528,Ferdinanda Demelt,Female,BIO-149523
ID-44023,Prissie Wigginton,Female,BIO-117135
ID-51649,Winnah Highnam,Female,BIO-082915
ID-35926,Andriana Fulep,Female,BIO-092965
ID-29976,Ricoriki Hierro,Male,BIO-089891
ID-87862,Tomas Gronow,Male,BIO-469557
ID-76040,Farand Williamson,Female,BIO-641926
ID-08940,Renate Wandtke,Female,BIO-888477
ID-96023,Kamila Cousins,Female,BIO-547606
ID-36592,Adams Medcalfe,Male,BIO-621418
ID-52549,Mattias Merrifield,Male,BIO-548192
ID-32555,Reggis Wolfendale,Male,BIO-746262
ID-03564,Horton Margeram,Male,BIO-177392
ID-34458,Rochelle Abbotts,Female,BIO-897959
ID-31772,Allard Theurer,Male,BIO-006910
ID-45919,Maddalena Fynn,Female,BIO-495277
ID-54092,Franky Ferrone,Female,BIO-668424
ID-87688,Dominga Gherardi,Female,BIO-085417
ID-62907,Winston Pilgram,Male,BIO-848276
ID-83829,Fritz Sinclaire,Male,BIO-937872
ID-47572,Carlie Sellars,Male,BIO-450452
ID-29837,Brig Glowacha,Male,BIO-169392
ID-49314,Walden Goghin,Male,BIO-828733
ID-88551,Bartram Frigout,Male,BIO-034313
ID-98634,Khalil McKelvey,Male,BIO-223908
ID-76432,Ashia Hames,Female,BIO-056731
ID-58324,Thibaud Maypowder,Male,BIO-714788
ID-51637,Carmencita Stolze,Female,BIO-041074
ID-93854,Priscilla Gillooly,Female,BIO-503627
ID-65949,Erin Mollnar,Male,BIO-185297
ID-35787,Bendick Bubeer,Male,BIO-869928
ID-40354,Shae Shilburne,Female,BIO-574536
ID-14555,Jerrie Bogie,Male,BIO-023631
ID-93954,Ezmeralda Farnin,Female,BIO-173350
ID-37824,Augie Croxton,Male,BIO-999095
ID-56581,Robina Imlen,Female,BIO-248353
ID-54749,Erie Benedidick,Male,BIO-915258
